{"cameraMode":{"drawMode":0,"name":"Shaded","section":"Shading Mode"},"sceneLighting":false,"audioPlay":false,"sceneViewState":{"showFog":true,"showMaterialUpdate":false,"showSkybox":false,"showFlares":true,"showImageEffects":true,"showParticleSystems":true},"in2DMode":false,"pivot":{"x":4.290419578552246,"y":-9.83719253540039,"z":42.40065002441406},"rotation":{"x":-0.0931696966290474,"y":-0.00985975656658411,"z":0.0009226726833730936,"w":-0.9956008791923523},"size":28.165565490722658,"orthographic":false}